Date,Shanghai,DAX,FTSE,NIKKEI,NYSE,Nifty
11-06-2015,5121.592773,11332.78027,6846.700195,20382.9707,11080.50977,7965.350098
12-06-2015,5166.350098,11196.49023,6784.899902,20407.08008,11009.91016,7982.899902
15-06-2015,5062.993164,10984.96973,6710.5,20387.78906,10949.54004,8013.899902
16-06-2015,4887.432129,11044.00977,6710.100098,20257.93945,10997.66016,8047.299805
17-06-2015,4967.897949,10978.00977,6680.600098,20219.26953,11013.66016,8091.549805
18-06-2015,4785.355957,11100.29981,6707.899902,19990.82031,11100.46973,8174.600098
19-06-2015,4478.36377,11040.09961,6710.5,20174.24023,11038.95996,8224.950195
23-06-2015,4576.492188,11542.54004,6834.899902,20809.41992,11149.36035,8381.549805
24-06-2015,4690.149902,11471.25977,6844.799805,20868.0293,11066.13965,8360.849609
25-06-2015,4527.778809,11473.12988,6807.799805,20771.40039,11035.73047,8398
26-06-2015,4192.873047,11492.42969,6753.700195,20706.15039,11040.30957,8381.099609
29-06-2015,4053.030029,11083.2002,6620.5,20109.94922,10790.33008,8318.400391
30-06-2015,4277.222168,10944.96973,6521,20235.73047,10805.2002,8368.5
01-07-2015,4053.699951,11180.5,6608.600098,20329.32031,10858.99023,8453.049805
02-07-2015,3912.76709,11099.34961,6630.5,20522.5,10864.82031,8444.900391
06-07-2015,3775.912109,10890.62988,6535.700195,20112.11914,10782.67969,8522.150391
07-07-2015,3727.125,10676.78027,6432.200195,20376.58984,10829.32031,8510.799805
08-07-2015,3507.191895,10747.29981,6490.700195,19737.64063,10636.79981,8363.049805
09-07-2015,3709.330078,10996.41016,6581.600098,19855.5,10689.50977,8328.549805
10-07-2015,3877.802979,11315.62988,6673.399902,19779.83008,10853.91992,8360.549805
13-07-2015,3970.387939,11484.37988,6738,20089.76953,10944.84961,8459.650391
14-07-2015,3924.487061,11516.90039,6753.799805,20385.33008,10993.25977,8454.099609
15-07-2015,3805.702881,11539.66016,6753.799805,20463.33008,10958.83008,8523.799805
16-07-2015,3823.176025,11716.75977,6796.5,20600.11914,11024.87012,8608.049805
17-07-2015,3957.352051,11673.41992,6775.100098,20650.91992,10987.16992,8609.849609
21-07-2015,4017.675049,11604.79981,6769.100098,20841.9707,10919,8529.450195
22-07-2015,4026.044922,11520.66992,6667.299805,20593.66992,10899.86035,8633.5
23-07-2015,4123.922852,11512.11035,6655,20683.94922,10840.73047,8589.799805
24-07-2015,4070.907959,11347.4502,6579.799805,20544.5293,10721.9502,8521.549805
27-07-2015,3725.558105,11056.40039,6505.100098,20350.09961,10656.61035,8361
28-07-2015,3663.001953,11173.91016,6555.299805,20328.89063,10790.17969,8337
29-07-2015,3789.167969,11211.84961,6631,20302.91016,10883.91016,8375.049805
30-07-2015,3705.766113,11257.15039,6668.899902,20522.83008,10881.75,8421.799805
31-07-2015,3663.726074,11308.99023,6696.299805,20585.24023,10882.28027,8532.849609
03-08-2015,3622.905029,11443.71973,6688.600098,20548.10938,10841.25977,8543.049805
04-08-2015,3756.544922,11456.07031,6686.600098,20520.35938,10824.7002,8516.900391
05-08-2015,3694.572998,11636.29981,6752.399902,20614.06055,10847.84961,8567.950195
06-08-2015,3661.539063,11585.09961,6747.100098,20664.43945,10799.44043,8588.650391
07-08-2015,3744.205078,11490.83008,6718.5,20724.56055,10763.15039,8564.599609
10-08-2015,3928.415039,11604.78027,6736.200195,20808.68945,10906.04981,8525.599609
11-08-2015,3927.907959,11293.65039,6664.5,20720.75,10802.08984,8462.349609
12-08-2015,3886.320068,10924.61035,6571.200195,20392.76953,10779.45996,8349.450195
13-08-2015,3954.555908,11014.62988,6568.299805,20595.55078,10745.30957,8355.849609
14-08-2015,3965.334961,10985.13965,6550.700195,20519.44922,10782.24023,8518.549805
17-08-2015,3993.667969,10940.33008,6550.299805,20620.25977,10818.57031,8477.299805
18-08-2015,3748.164063,10915.91992,6526.299805,20554.4707,10792.79981,8466.549805
19-08-2015,3794.108887,10682.15039,6403.5,20222.63086,10687.03027,8495.150391
20-08-2015,3664.291016,10432.19043,6367.899902,20033.51953,10475.75,8372.75
21-08-2015,3507.743896,10124.51953,6187.700195,19435.83008,10195.69043,8299.950195
24-08-2015,3209.905029,9648.429688,5898.899902,18540.67969,9789.94043,7809
25-08-2015,2964.967041,10128.12012,6081.299805,17806.69922,9692.389648,7880.700195
26-08-2015,2927.288086,9997.429688,5979.200195,18376.83008,9979.669922,7791.850098
27-08-2015,3083.591064,10315.62012,6192,18574.43945,10230.50977,7948.950195
28-08-2015,3232.350098,10298.53027,6247.899902,19136.32031,10242.05957,8001.950195
01-09-2015,3166.624023,10015.57031,6058.5,18165.68945,9874.669922,7785.850098
02-09-2015,3160.166992,10048.04981,6083.299805,18095.40039,10013.36035,7717
08-09-2015,3170.451904,10271.36035,6146.100098,17427.08008,10109.67969,7688.25
09-09-2015,3243.089111,10303.12012,6229,18770.50977,9988.910156,7818.600098
10-09-2015,3197.893066,10210.44043,6155.799805,18299.61914,10019.38965,7788.100098
11-09-2015,3200.233887,10123.55957,6117.799805,18264.2207,10040.21973,7789.299805
14-09-2015,3114.798096,10131.74023,6084.600098,17965.69922,9988.589844,7872.25
15-09-2015,3005.172119,10188.12988,6137.600098,18026.48047,10105.87012,7829.100098
16-09-2015,3152.262939,10227.20996,6229.200195,18171.59961,10236.71973,7899.149902
18-09-2015,3097.916992,9916.160156,6104.100098,18070.21094,10031.59961,7981.899902
24-09-2015,3142.687012,9427.639648,5961.5,17571.83008,9837.80957,7868.5
28-09-2015,3100.756104,9483.549805,5958.899902,17645.10938,9601.419922,7795.700195
29-09-2015,3038.136963,9450.400391,5909.200195,16930.83984,9622.070313,7843.299805
30-09-2015,3052.781006,9660.44043,6061.600098,17388.15039,9799.69043,7948.899902
08-10-2015,3143.356934,9993.070313,6374.799805,18141.16992,10361.04004,8129.350098
09-10-2015,3183.1521,10096.59961,6416.200195,18438.66992,10361.25977,8189.700195
13-10-2015,3293.22998,10032.82031,6342.299805,18234.74023,10262.94043,8131.700195
14-10-2015,3262.440918,9915.849609,6269.600098,17891,10229.66992,8107.899902
15-10-2015,3338.072998,10064.79981,6338.700195,18096.90039,10378.26953,8179.5
16-10-2015,3391.352051,10104.42969,6378,18291.80078,10421.91016,8238.150391
19-10-2015,3386.699951,10164.30957,6352.299805,18131.23047,10391.59961,8275.049805
20-10-2015,3425.330078,10147.67969,6345.100098,18207.15039,10383.41992,8261.650391
21-10-2015,3320.676025,10238.09961,6348.399902,18554.2793,10306.44043,8251.700195
23-10-2015,3412.434082,10794.54004,6444.100098,18825.30078,10506.50977,8295.450195
26-10-2015,3429.581055,10801.33984,6417,18947.11914,10464.62012,8260.549805
27-10-2015,3434.335938,10692.19043,6365.299805,18777.03906,10400.17969,8232.900391
28-10-2015,3375.196045,10831.95996,6437.799805,18903.01953,10538.2002,8171.200195
29-10-2015,3387.314941,10800.83984,6395.799805,18935.71094,10498.16016,8111.75
30-10-2015,3382.561035,10850.13965,6361.100098,19083.09961,10460.95996,8065.799805
02-11-2015,3325.084961,10950.66992,6361.799805,18683.24023,10579.87012,8050.799805
04-11-2015,3459.639893,10845.24023,6412.899902,18926.91016,10563.96973,8040.200195
05-11-2015,3522.819092,10887.74023,6364.899902,19116.41016,10548.36035,7955.450195
06-11-2015,3590.031982,10988.03027,6353.799805,19265.59961,10513.36035,7954.299805
09-11-2015,3646.881104,10815.4502,6295.200195,19642.74023,10415.19043,7915.200195
10-11-2015,3640.485107,10832.51953,6275.299805,19671.25977,10432.34961,7783.350098
13-11-2015,3580.839111,10708.40039,6118.299805,19596.91016,10155.07031,7762.25
16-11-2015,3606.957031,10713.23047,6146.399902,19393.68945,10299.40039,7806.600098
17-11-2015,3604.794922,10971.04004,6268.799805,19630.63086,10285.75977,7837.549805
18-11-2015,3568.468018,10959.9502,6279,19649.17969,10429.59961,7731.799805
19-11-2015,3617.062012,11085.44043,6329.899902,19859.81055,10431.45996,7842.75
20-11-2015,3630.5,11119.83008,6334.600098,19879.81055,10444.2002,7856.549805
24-11-2015,3616.113037,10933.99023,6277.200195,19924.89063,10449.71973,7831.600098
27-11-2015,3436.302979,11293.75977,6375.200195,19883.93945,10450.53027,7942.700195
30-11-2015,3445.405029,11382.23047,6356.100098,19747.4707,10409.58984,7935.25
01-12-2015,3456.309082,11261.24023,6395.700195,20012.40039,10519.58984,7954.899902
02-12-2015,3536.905029,11190.01953,6420.899902,19938.13086,10389.2002,7931.350098
03-12-2015,3584.823975,10789.24023,6275,19939.90039,10257.37988,7864.149902
04-12-2015,3524.991943,10752.09961,6238.299805,19504.48047,10408.86035,7781.899902
07-12-2015,3536.927002,10886.08984,6223.5,19698.15039,10304.53027,7765.399902
08-12-2015,3470.070068,10673.59961,6135.200195,19492.59961,10198.37012,7701.700195
09-12-2015,3472.438965,10592.49023,6126.700195,19301.07031,10162.37012,7612.5
10-12-2015,3455.495117,10598.92969,6088.100098,19046.55078,10172.04004,7683.299805
11-12-2015,3434.581055,10340.05957,5952.799805,19230.48047,9976.650391,7610.450195
14-12-2015,3520.667969,10139.33984,5874.100098,18883.41992,9986.759766,7650.049805
15-12-2015,3510.354004,10450.37988,6017.799805,18565.90039,10110.94043,7700.899902
16-12-2015,3516.187012,10469.25977,6061.200195,19049.91016,10267.83008,7750.899902
17-12-2015,3579.999023,10738.12012,6102.5,19353.56055,10112.62988,7844.350098
18-12-2015,3578.964111,10608.19043,6052.399902,18986.80078,9967.639648,7761.950195
21-12-2015,3642.471924,10497.76953,6034.799805,18916.01953,10023.03027,7834.450195
22-12-2015,3651.76709,10488.75,6083.100098,18886.69922,10112.40039,7786.100098
29-12-2015,3563.736084,10860.13965,6314.600098,18982.23047,10306.59961,7928.950195
30-12-2015,3572.875977,10743.00977,6274.100098,19033.71094,10225.83008,7896.25
04-01-2016,3296.258057,10283.44043,6093.399902,18450.98047,10001.55957,7791.299805
05-01-2016,3287.710938,10310.09961,6137.200195,18374,10028.05957,7784.649902
06-01-2016,3361.840088,10214.01953,6073.399902,18191.32031,9868.259766,7741
07-01-2016,3125.001953,9979.849609,5954.100098,17767.33984,9650.419922,7568.299805
08-01-2016,3186.412109,9849.339844,5912.399902,17697.96094,9528.769531,7601.350098
12-01-2016,3022.861084,9985.429688,5929.200195,17218.96094,9576.519531,7510.299805
13-01-2016,2949.596924,9960.959961,5961,17715.63086,9374.230469,7562.399902
14-01-2016,3007.648926,9794.200195,5918.200195,17240.94922,9516.549805,7536.799805
15-01-2016,2900.969971,9545.269531,5804.100098,17147.10938,9299.620117,7437.799805
19-01-2016,3007.739014,9664.209961,5876.799805,17048.36914,9301.740234,7435.100098
20-01-2016,2976.694092,9391.639648,5673.600098,16416.18945,9156.839844,7309.299805
21-01-2016,2880.481934,9574.160156,5773.799805,16017.25977,9226.570313,7276.799805
22-01-2016,2916.562012,9764.879883,5900,16958.5293,9426.910156,7422.450195
25-01-2016,2938.514893,9736.150391,5877,17110.91016,9262.990234,7436.149902
27-01-2016,2735.558105,9880.820313,5990.399902,17163.91992,9373.780273,7437.75
28-01-2016,2655.660889,9639.589844,5931.799805,17041.44922,9397.790039,7424.649902
29-01-2016,2737.600098,9798.110352,6083.799805,17518.30078,9632.700195,7563.549805
01-02-2016,2688.854004,9757.879883,6060.100098,17865.23047,9616.69043,7555.950195
02-02-2016,2749.570068,9581.040039,5922,17750.67969,9413.780273,7455.549805
03-02-2016,2739.24707,9434.820313,5837.100098,17191.25,9495.209961,7361.799805
04-02-2016,2781.022949,9393.360352,5898.799805,17044.99023,9534.30957,7404
05-02-2016,2763.491943,9286.230469,5848.100098,16819.58984,9390.330078,7489.100098
16-02-2016,2836.571045,9135.110352,5862.200195,16054.42969,9375.389648,7048.25
17-02-2016,2867.337891,9377.209961,6030.299805,15836.36035,9532.280273,7108.450195
18-02-2016,2862.893066,9463.639648,5972,16196.79981,9504.980469,7191.75
19-02-2016,2860.020996,9388.049805,5950.200195,15967.16992,9485.959961,7210.75
22-02-2016,2927.175049,9573.589844,6037.700195,16111.04981,9616.320313,7234.549805
23-02-2016,2903.331055,9416.769531,5962.299805,16052.04981,9494.320313,7109.549805
24-02-2016,2928.895996,9167.799805,5867.200195,15915.79004,9506.070313,7018.700195
25-02-2016,2741.245117,9331.480469,6012.799805,16140.33984,9625.280273,6970.600098
26-02-2016,2767.209961,9513.299805,6096,16188.41016,9619.790039,7029.75
29-02-2016,2687.979004,9495.400391,6097.100098,16026.75977,9559.530273,6987.049805
01-03-2016,2733.169922,9717.160156,6152.899902,16085.50977,9771,7222.299805
02-03-2016,2849.680908,9776.620117,6147.100098,16746.55078,9837.589844,7368.850098
03-03-2016,2859.758057,9751.919922,6130.5,16960.16016,9907.969727,7475.600098
04-03-2016,2874.146973,9824.169922,6199.399902,17014.7793,9968.410156,7485.350098
08-03-2016,2901.386963,9692.820313,6125.399902,16783.15039,9868.519531,7485.299805
09-03-2016,2862.555908,9723.089844,6146.299805,16642.19922,9924.80957,7531.799805
10-03-2016,2804.726074,9498.150391,6036.700195,16852.34961,9918.080078,7486.149902
11-03-2016,2810.306885,9831.129883,6139.799805,16938.86914,10104.19043,7510.200195
14-03-2016,2859.499023,9990.259766,6174.600098,17233.75,10074.26953,7538.75
15-03-2016,2864.36792,9933.849609,6140,17117.07031,10013.59961,7460.600098
16-03-2016,2870.429932,9983.410156,6175.5,16974.44922,10084.16992,7498.75
17-03-2016,2904.832031,9892.200195,6201.100098,16936.38086,10190.40039,7512.549805
18-03-2016,2955.149902,9950.799805,6189.600098,16724.81055,10223.42969,7604.350098
22-03-2016,2999.363037,9990,6192.700195,17048.55078,10194.2002,7714.899902
23-03-2016,3009.959961,10022.92969,6199.100098,17000.98047,10099.67969,7716.5
29-03-2016,2919.832031,9887.94043,6105.899902,17103.5293,10190.40039,7597
30-03-2016,3000.64502,10046.61035,6203.200195,16878.96094,10236.9502,7735.200195
31-03-2016,3003.915039,9965.509766,6174.899902,16758.66992,10207.37012,7738.399902
01-04-2016,3009.530029,9794.639648,6146.100098,16164.16016,10219.95996,7713.049805
05-04-2016,3053.064941,9563.360352,6091.200195,15732.82031,10061.08008,7603.200195
06-04-2016,3050.592041,9624.509766,6161.600098,15715.36035,10159.84961,7614.350098
07-04-2016,3008.419922,9530.620117,6136.899902,15749.83984,10045.15039,7546.450195
08-04-2016,2984.958008,9622.259766,6204.399902,15821.51953,10119.69043,7555.200195
11-04-2016,3033.957031,9682.990234,6200.100098,15751.12988,10114.58008,7671.399902
12-04-2016,3023.645996,9761.469727,6242.399902,15928.79004,10238.69043,7708.950195
13-04-2016,3066.637939,10026.09961,6362.899902,16381.21973,10359.50977,7850.450195
18-04-2016,3033.659912,10120.30957,6353.5,16275.9502,10424.92969,7914.700195
20-04-2016,2972.583984,10421.29004,6410.299805,16906.53906,10527.79004,7914.75
21-04-2016,2952.891113,10435.73047,6381.399902,17363.61914,10454.82031,7912.049805
22-04-2016,2959.23999,10373.49023,6310.399902,17572.49023,10511,7899.299805
25-04-2016,2946.669922,10294.34961,6260.899902,17439.30078,10465.65039,7855.049805
26-04-2016,2964.699951,10259.58984,6284.5,17353.2793,10522.58008,7962.649902
27-04-2016,2953.670898,10299.83008,6319.899902,17290.49023,10571.83008,7979.899902
28-04-2016,2945.589111,10321.15039,6322.399902,16666.05078,10480.4502,7847.25
06-05-2016,2913.248047,9869.950195,6125.700195,16106.71973,10308.83008,7733.450195
09-05-2016,2832.113037,9980.490234,6114.799805,16216.03027,10291.58984,7866.049805
10-05-2016,2832.591064,10045.44043,6156.700195,16565.18945,10424.09961,7887.799805
11-05-2016,2837.037109,9975.320313,6162.5,16579.00977,10332.24023,7848.850098
12-05-2016,2835.862061,9862.120117,6104.200195,16646.33984,10334.37988,7900.399902
13-05-2016,2827.108887,9952.900391,6138.5,16412.21094,10228.05957,7814.899902
17-05-2016,2843.684082,9890.19043,6167.799805,16652.80078,10257.61035,7890.75
18-05-2016,2807.513916,9943.230469,6165.799805,16644.68945,10239.65039,7870.149902
19-05-2016,2806.906006,9795.889648,6053.399902,16646.66016,10192.48047,7783.399902
20-05-2016,2825.48291,9916.019531,6156.299805,16736.34961,10250.49023,7749.700195
23-05-2016,2843.64502,9842.290039,6136.399902,16654.59961,10226.55957,7731.049805
24-05-2016,2821.666016,10057.30957,6219.299805,16498.75977,10353.55957,7748.850098
25-05-2016,2815.085938,10205.20996,6262.899902,16757.34961,10446.58008,7934.899902
26-05-2016,2822.443115,10272.70996,6265.700195,16772.46094,10439.59961,8069.649902
27-05-2016,2821.045898,10286.30957,6270.799805,16834.83984,10469.51953,8156.649902
31-05-2016,2916.615967,10262.74023,6230.799805,17234.98047,10441,8160.100098
01-06-2016,2913.508057,10204.44043,6191.899902,16955.73047,10454.92969,8179.950195
02-06-2016,2925.229004,10208,6185.600098,16562.55078,10487.58008,8218.950195
03-06-2016,2938.681885,10103.25977,6209.600098,16642.23047,10487.94043,8220.799805
06-06-2016,2934.0979,10121.08008,6273.399902,16580.0293,10554.82031,8201.049805
07-06-2016,2936.044922,10287.67969,6284.5,16675.44922,10599.21973,8266.450195
08-06-2016,2927.158936,10217.03027,6301.5,16830.91992,10638.36035,8273.049805
13-06-2016,2833.071045,9657.44043,6045,16019.17969,10349.17969,8110.600098
14-06-2016,2842.188965,9519.200195,5923.5,15859,10294.58984,8108.850098
15-06-2016,2887.209961,9606.709961,5966.799805,15919.58008,10297.16016,8206.599609
16-06-2016,2872.816895,9550.469727,5950.5,15434.13965,10322.83984,8140.75
17-06-2016,2885.10498,9631.360352,6021.100098,15599.66016,10347.94043,8170.200195
20-06-2016,2888.809082,9962.019531,6204,15965.29981,10450.03027,8238.5
21-06-2016,2878.558105,10015.54004,6226.600098,16169.11035,10490.78027,8219.900391
22-06-2016,2905.550049,10071.05957,6261.200195,16065.71973,10473.05957,8203.700195
23-06-2016,2891.959961,10257.03027,6338.100098,16238.34961,10641.16992,8270.450195
24-06-2016,2854.285889,9557.160156,6138.700195,14952.01953,10183.50977,8088.600098
27-06-2016,2895.702881,9268.660156,5982.200195,15309.20996,9973.540039,8094.700195
28-06-2016,2912.556885,9447.280273,6140.399902,15323.13965,10161.16016,8127.850098
29-06-2016,2931.592041,9612.269531,6360.100098,15566.83008,10350.53027,8204
30-06-2016,2929.605957,9680.089844,6504.299805,15575.91992,10489.75977,8287.75
01-07-2016,2932.476074,9776.120117,6577.799805,15682.48047,10515.75977,8328.349609
05-07-2016,3006.39209,9532.610352,6545.399902,15669.33008,10409.54004,8335.950195
07-07-2016,3016.846924,9418.780273,6533.799805,15276.24023,10413.96973,8337.900391
08-07-2016,2988.093994,9629.660156,6590.600098,15106.98047,10571.78027,8323.200195
11-07-2016,2994.916992,9833.410156,6682.899902,15708.82031,10627.2002,8467.900391
12-07-2016,3049.381104,9964.070313,6680.700195,16095.65039,10726.79004,8521.049805
13-07-2016,3060.688965,9930.709961,6670.399902,16231.42969,10734.2002,8519.5
14-07-2016,3054.018066,10068.29981,6654.5,16385.89063,10786.62988,8565
15-07-2016,3054.295898,10066.90039,6669.200195,16497.84961,10773.12012,8541.400391
19-07-2016,3036.5979,9981.240234,6697.399902,16723.31055,10758.54004,8528.549805
20-07-2016,3027.899902,10142.00977,6729,16681.89063,10793.09961,8565.849609
21-07-2016,3039.009033,10156.20996,6699.899902,16810.2207,10758.62012,8510.099609
22-07-2016,3012.815918,10147.45996,6730.5,16627.25,10805.04004,8541.200195
25-07-2016,3015.827881,10198.24023,6710.100098,16620.28906,10752.42969,8635.650391
26-07-2016,3050.166016,10247.75977,6724,16383.04004,10772.99023,8590.650391
27-07-2016,2991.999023,10319.54981,6750.399902,16664.82031,10739.76953,8615.799805
28-07-2016,2994.322998,10274.92969,6721.100098,16476.83984,10744.16016,8666.299805
29-07-2016,2979.339111,10337.5,6724.399902,16569.26953,10785.50977,8638.5
01-08-2016,2953.38501,10330.51953,6694,16635.76953,10730.2002,8636.549805
02-08-2016,2971.279053,10144.33984,6645.399902,16391.44922,10661.12988,8622.900391
03-08-2016,2978.460938,10170.20996,6634.399902,16083.11035,10695.13965,8544.849609
04-08-2016,2982.426025,10227.86035,6740.200195,16254.88965,10707.12988,8551.099609
05-08-2016,2976.696045,10367.20996,6793.5,16254.4502,10782.87012,8683.150391
08-08-2016,3004.2771,10432.36035,6809.100098,16650.57031,10788.00977,8711.349609
09-08-2016,3025.680908,10692.90039,6851.299805,16764.9707,10804.50977,8678.25
10-08-2016,3018.746094,10650.88965,6866.399902,16735.11914,10774.98047,8575.299805
12-08-2016,3050.666992,10713.42969,6916,16919.91992,10822.41016,
16-08-2016,3110.037109,10676.65039,6893.899902,16596.50977,10809.74023,8642.549805
17-08-2016,3109.554932,10537.66992,6859.200195,16745.64063,10824.63965,8624.049805
18-08-2016,3104.114014,10603.03027,6869,16486.00977,10863.00977,8673.25
19-08-2016,3108.102051,10544.36035,6859,16545.82031,10829.15039,8666.900391
22-08-2016,3084.804932,10494.34961,6828.5,16598.18945,10815.91992,8629.150391
23-08-2016,3089.706055,10592.87988,6868.5,16497.35938,10847.49023,8632.599609
24-08-2016,3085.879883,10622.96973,6835.799805,16597.30078,10791.17969,8650.299805
25-08-2016,3068.329102,10529.58984,6816.899902,16555.94922,10784.37012,8592.200195
26-08-2016,3070.309082,10587.76953,6838.100098,16360.70996,10749.33008,8572.549805
30-08-2016,3074.677002,10657.63965,6820.799805,16725.35938,10797.54004,8744.349609
31-08-2016,3085.490967,10592.69043,6781.5,16887.40039,10764.75,8786.200195
01-09-2016,3063.304932,10534.30957,6746,16926.83984,10771.92969,8774.650391
02-09-2016,3067.352051,10683.82031,6894.600098,16925.67969,10856.91992,8809.650391
06-09-2016,3090.712891,10687.13965,6826.100098,17081.98047,10890.79004,8943
07-09-2016,3091.927979,10752.98047,6846.600098,17012.43945,10890.17969,8917.950195
08-09-2016,3095.954102,10675.29004,6858.700195,16958.76953,10882.33984,8952.5
09-09-2016,3078.85498,10573.44043,6777,16965.75977,10613.53027,8866.700195
12-09-2016,3021.977051,10431.76953,6700.899902,16672.91992,10741.24023,8715.599609
14-09-2016,3002.849121,10378.40039,6673.299805,16614.24023,10511.40039,8726.599609
20-09-2016,3023,10393.86035,6830.799805,16492.15039,10560.25,8775.900391
21-09-2016,3025.874023,10436.49023,6834.799805,16807.61914,10708.37012,8777.150391
23-09-2016,3033.895996,10626.96973,6909.399902,16754.01953,10717.99023,8831.549805
26-09-2016,2980.429932,10393.70996,6818,16544.56055,10624.87988,8723.049805
27-09-2016,2998.172119,10361.48047,6807.700195,16683.92969,10665.33984,8706.400391
28-09-2016,2987.85791,10438.33984,6849.399902,16465.40039,10753.4502,8745.150391
29-09-2016,2998.48291,10405.54004,6919.399902,16693.71094,10643.51953,8591.25
30-09-2016,3004.702881,10511.01953,6899.299805,16449.83984,10721.74023,8611.150391
13-10-2016,3061.345947,10414.07031,6977.700195,16774.24023,10522.94043,8573.349609
14-10-2016,3063.809082,10580.37988,7013.600098,16856.36914,10521.29981,8583.400391
17-10-2016,3041.166016,10503.57031,6947.600098,16900.11914,10492.86035,8520.400391
18-10-2016,3083.875,10631.54981,7000.100098,16963.60938,10567.80957,8677.900391
19-10-2016,3084.718994,10645.67969,7021.899902,16998.91016,10600.91992,8659.099609
20-10-2016,3084.458008,10701.38965,7026.899902,17235.5,10597.36035,8699.400391
21-10-2016,3090.940918,10710.73047,7020.5,17184.58984,10571.87988,8693.049805
24-10-2016,3128.24707,10761.16992,6986.399902,17234.41992,10591.29981,8708.950195
25-10-2016,3131.938965,10757.30957,7017.600098,17365.25,10550.19043,8691.299805
26-10-2016,3116.312012,10709.67969,6958.100098,17391.83984,10528.19043,8615.25
27-10-2016,3112.350098,10717.08008,6986.600098,17336.41992,10503.05957,8615.25
28-10-2016,3104.27002,10696.19043,6996.299805,17446.41016,10476.62012,8638
01-11-2016,3122.436035,10526.16016,6917.100098,17442.40039,10414.04981,8626.25
02-11-2016,3102.73291,10370.92969,6845.399902,17134.67969,10334.5,8514
04-11-2016,3125.316895,10259.12988,6693.299805,16905.35938,10289.34961,8433.75
07-11-2016,3133.333008,10456.9502,6806.899902,17177.21094,10500.16016,8497.049805
08-11-2016,3147.887939,10482.32031,6843.100098,17171.38086,10530.55957,8543.549805
09-11-2016,3128.370117,10646.00977,6911.799805,16251.54004,10643.41016,8432
10-11-2016,3171.281982,10630.12012,6828,17344.41992,10683.41016,8525.75
11-11-2016,3196.043945,10667.9502,6730.399902,17374.78906,10652.24023,8296.299805
15-11-2016,3206.986084,10735.13965,6792.700195,17668.15039,10745.50977,8108.450195
16-11-2016,3205.056885,10663.87012,6749.700195,17862.21094,10699.42969,8111.600098
17-11-2016,3208.452881,10685.54004,6794.700195,17862.63086,10740.08008,8079.950195
18-11-2016,3192.855957,10664.55957,6775.799805,17967.41016,10709.50977,8074.100098
21-11-2016,3218.147949,10685.12988,6778,18106.01953,10791.83984,7929.100098
22-11-2016,3248.352051,10713.84961,6819.700195,18162.93945,10820.17969,8002.299805
25-11-2016,3261.937988,10699.26953,6840.799805,18381.2207,10878.08984,8114.299805
28-11-2016,3277,10582.66992,6799.5,18356.89063,10808.62988,8126.899902
29-11-2016,3282.924072,10620.49023,6772,18307.03906,10817.7002,8142.149902
30-11-2016,3250.033936,10640.29981,6783.799805,18308.48047,10838.45996,8224.5
01-12-2016,3273.309082,10534.04981,6752.899902,18513.11914,10828.99023,8192.900391
02-12-2016,3243.843018,10513.34961,6730.700195,18426.08008,10838.58008,8086.799805
05-12-2016,3204.708984,10684.83008,6746.799805,18274.99023,10910.90039,8128.75
06-12-2016,3199.646973,10775.32031,6779.799805,18360.53906,10970.78027,8143.149902
07-12-2016,3222.241943,10986.69043,6902.200195,18496.68945,11114.61035,8102.049805
08-12-2016,3215.365967,11179.41992,6931.600098,18765.4707,11149.95996,8246.849609
09-12-2016,3232.883057,11203.62988,6954.200195,18996.36914,11191.79004,8261.75
12-12-2016,3152.969971,11190.20996,6890.399902,19155.0293,11177.28027,8170.799805
13-12-2016,3155.037109,11284.65039,6968.600098,19250.51953,11237.16992,8221.799805
14-12-2016,3140.531006,11244.83984,6949.200195,19253.60938,11098.66992,8182.450195
15-12-2016,3117.677002,11366.40039,6999,19273.78906,11131.88965,8153.600098
16-12-2016,3122.981934,11404.00977,7011.600098,19401.15039,11125.21973,8139.450195
19-12-2016,3118.084961,11426.7002,7017.200195,19391.59961,11128.54004,8104.350098
20-12-2016,3102.875977,11464.74023,7044,19494.5293,11172.19043,8082.399902
21-12-2016,3137.429932,11468.63965,7041.399902,19444.49023,11142.57031,8061.299805
22-12-2016,3139.558105,11456.09961,7063.700195,19427.66992,11114.13965,7979.100098
28-12-2016,3102.236084,11474.99023,7106.100098,19401.7207,11058.87988,8034.850098
29-12-2016,3096.096924,11451.04981,7120.299805,19145.14063,11074.33008,8103.600098
30-12-2016,3103.636963,11481.05957,7142.799805,19114.36914,11056.90039,8185.799805
04-01-2017,3158.793945,11584.30957,7189.700195,19594.16016,11246.54004,8190.5
05-01-2017,3165.410889,11584.94043,7195.299805,19520.68945,11247.69043,8273.799805
06-01-2017,3154.321045,11599.00977,7210.100098,19454.33008,11237.62012,8243.799805
10-01-2017,3161.670898,11583.29981,7275.5,19301.43945,11183.33008,8288.599609
11-01-2017,3136.753906,11646.16992,7290.5,19364.66992,11226.78027,8380.650391
12-01-2017,3119.289063,11521.04004,7292.399902,19134.69922,11204.15039,8407.200195
13-01-2017,3112.763916,11629.17969,7337.799805,19287.2793,11227.16992,8400.349609
17-01-2017,3108.774902,11540,7220.399902,18813.5293,11196.29981,8398
18-01-2017,3113.011963,11599.38965,7247.600098,18894.36914,11196.09961,8417
19-01-2017,3101.299072,11596.88965,7208.399902,19072.25,11148.84961,8435.099609
20-01-2017,3123.138916,11630.12988,7198.399902,19137.91016,11192.79004,8349.349609
23-01-2017,3136.774902,11545.75,7151.200195,18891.0293,11170.62012,8391.5
24-01-2017,3142.552979,11594.94043,7150.299805,18787.99023,11249.28027,8475.799805
25-01-2017,3149.554932,11806.04981,7164.399902,19057.5,11339.04981,8602.75
03-02-2017,3140.169922,11651.49023,7188.299805,18918.19922,11310.74023,8740.950195
06-02-2017,3156.983887,11509.83984,7172.200195,18976.71094,11264.11035,8801.049805
07-02-2017,3153.087891,11549.44043,7186.200195,18910.7793,11243.37988,8768.299805
08-02-2017,3166.981934,11543.37988,7188.799805,19007.59961,11251.79981,8769.049805
09-02-2017,3183.178955,11642.86035,7229.5,18907.66992,11327.67969,8778.400391
10-02-2017,3196.698975,11666.96973,7258.799805,19378.92969,11377.71973,8793.549805
13-02-2017,3216.839111,11774.42969,7278.899902,19459.15039,11433.92969,8805.049805
14-02-2017,3217.927979,11771.80957,7268.600098,19238.98047,11468.87988,8792.299805
15-02-2017,3212.986084,11793.92969,7302.399902,19437.98047,11514.40039,8724.700195
16-02-2017,3229.61792,11757.24023,7277.899902,19347.5293,11504.19043,8778
17-02-2017,3202.075928,11757.01953,7300,19234.61914,11510.91016,8821.700195
21-02-2017,3253.325928,11967.49023,7274.799805,19381.43945,11578.25,8907.849609
22-02-2017,3261.218018,11998.58984,7302.299805,19379.86914,11550.17969,8926.900391
23-02-2017,3251.375,11947.83008,7271.399902,19371.46094,11556.15039,8939.5
27-02-2017,3228.659912,11822.66992,7253,19107.4707,11558.34961,8896.700195
28-02-2017,3241.73291,11834.41016,7263.399902,19118.99023,11512.38965,8879.599609
01-03-2017,3246.934082,12067.19043,7382.899902,19393.53906,11661.21973,8945.799805
02-03-2017,3230.028076,12059.57031,7382.399902,19564.80078,11575.91016,8899.75
03-03-2017,3218.312012,12027.36035,7374.299805,19469.16992,11598.37012,8897.549805
06-03-2017,3233.865967,11958.40039,7350.100098,19379.14063,11547.79004,8963.450195
07-03-2017,3242.406006,11966.13965,7339,19344.15039,11506.32031,8946.900391
08-03-2017,3240.665039,11967.30957,7334.600098,19254.0293,11448.20996,8924.299805
09-03-2017,3216.746094,11978.38965,7315,19318.58008,11457.63965,8927
10-03-2017,3212.76001,11963.17969,7343.100098,19604.60938,11500.75977,8934.549805
14-03-2017,3239.327881,11988.79004,7357.899902,19609.5,11459.29004,9087
15-03-2017,3241.76001,12009.87012,7368.600098,19577.38086,11590.30957,9084.799805
16-03-2017,3268.935059,12083.17969,7416,19590.14063,11600.24023,9153.700195
17-03-2017,3237.447021,12095.24023,7425,19521.58984,11589.00977,9160.049805
21-03-2017,3261.611084,11962.12988,7378.299805,19455.88086,11420.42969,9121.5
22-03-2017,3245.219971,11904.12012,7324.700195,19041.38086,11426.69043,9030.450195
23-03-2017,3248.550049,12039.67969,7340.700195,19085.31055,11430.88965,9086.299805
24-03-2017,3269.445068,12064.26953,7336.799805,19262.5293,11418.88965,9108
27-03-2017,3266.955078,11996.07031,7293.5,18985.58984,11414.33008,9045.200195
28-03-2017,3252.947998,12149.41992,7343.399902,19202.86914,11493.83984,9100.799805
29-03-2017,3241.313965,12203,7373.700195,19217.48047,11496.66992,9143.799805
30-03-2017,3210.237061,12256.42969,7369.5,19063.2207,11519.83984,9173.75
31-03-2017,3222.513916,12312.87012,7322.899902,18909.25977,11492.84961,9173.75
05-04-2017,3270.304932,12217.54004,7331.700195,18861.26953,11423.36035,9265.150391
06-04-2017,3281.004883,12230.88965,7303.200195,18597.06055,11457.29004,9261.950195
07-04-2017,3286.615967,12225.05957,7349.399902,18664.63086,11445.58008,9198.299805
10-04-2017,3269.393066,12200.51953,7348.899902,18797.88086,11464.33984,9181.450195
11-04-2017,3288.966064,12139.34961,7365.5,18747.86914,11473.62012,9237
12-04-2017,3273.830078,12154.7002,7349,18552.60938,11423.16992,9203.450195
13-04-2017,3275.959961,12109,7327.600098,18426.83984,11324.53027,9150.799805
18-04-2017,3196.712891,12000.44043,7147.5,18418.58984,11378.58008,9105.150391
19-04-2017,3170.687012,12016.4502,7114.399902,18432.19922,11342.41992,9103.5
20-04-2017,3172.100098,12027.32031,7118.5,18430.49023,11426.91016,9136.400391
21-04-2017,3173.150879,12048.57031,7114.600098,18620.75,11389.12988,9119.400391
24-04-2017,3129.531006,12454.98047,7264.700195,18875.88086,11531.79004,9217.950195
25-04-2017,3134.566895,12467.04004,7275.600098,19079.33008,11603.28027,9306.599609
26-04-2017,3140.846924,12472.79981,7288.700195,19289.42969,11592.91016,9351.849609
27-04-2017,3152.187012,12443.79004,7237.200195,19251.86914,11578.51953,9342.150391
28-04-2017,3154.657959,12438.00977,7203.899902,19196.74023,11536.07031,9304.049805
02-05-2017,3143.711914,12507.90039,7250.100098,19445.69922,11551.29981,9313.799805
08-05-2017,3078.613037,12694.54981,7300.899902,19895.69922,11595.25977,9314.049805
09-05-2017,3080.5271,12749.12012,7342.200195,19843,11567.51953,9316.849609
10-05-2017,3052.784912,12757.45996,7385.200195,19900.08984,11598.99023,9407.299805
11-05-2017,3061.5,12711.05957,7386.600098,19961.55078,11563.59961,9422.400391
12-05-2017,3083.512939,12770.41016,7435.399902,19883.90039,11547.04981,9400.900391
15-05-2017,3090.229004,12807.04004,7454.399902,19869.84961,11614.23047,9445.400391
16-05-2017,3112.964111,12804.53027,7522,19919.82031,11606.49023,9512.25
17-05-2017,3104.441895,12631.61035,7503.5,19814.88086,11423.53027,9525.75
18-05-2017,3090.138916,12590.05957,7436.399902,19553.85938,11434.05957,9429.450195
19-05-2017,3090.631104,12638.69043,7470.700195,19590.75977,11542.69043,9427.900391
22-05-2017,3075.676025,12619.45996,7496.299805,19678.2793,11585.20996,9438.25
23-05-2017,3061.947021,12659.15039,7485.299805,19613.2793,11604.62012,9386.150391
24-05-2017,3064.075928,12642.87012,7514.899902,19742.98047,11621.23047,9360.549805
25-05-2017,3107.831055,12621.71973,7517.700195,19813.13086,11639.29981,9509.75
26-05-2017,3110.059082,12602.17969,7547.600098,19686.83984,11631.87012,9595.099609
31-05-2017,3117.177979,12615.05957,7520,19650.57031,11598.03027,9621.25
01-06-2017,3102.623047,12664.91992,7543.799805,19860.0293,11699.79004,9616.099609
02-06-2017,3105.540039,12822.94043,7547.600098,20177.2793,11718.7002,9653.5
05-06-2017,3091.656006,,7525.799805,20170.82031,11693.67969,9675.099609
06-06-2017,3102.125977,12690.12012,7525,19979.90039,11671.45996,9637.150391
07-06-2017,3140.324951,12672.49023,7478.600098,19984.61914,11667.73047,9663.900391
08-06-2017,3150.333984,12713.58008,7450,19909.25977,11678.91992,9647.25
09-06-2017,3158.399902,12815.71973,7527.299805,20013.25977,11744.73047,9668.25
12-06-2017,3139.876953,12690.44043,7511.899902,19908.58008,11746.45996,9616.400391
13-06-2017,3153.74292,12764.98047,7500.399902,19898.75,11796.79004,9606.900391
14-06-2017,3130.674072,12805.9502,7474.399902,19883.51953,11779.80957,9618.150391
15-06-2017,3132.486084,12691.80957,7419.399902,19831.82031,11740.51953,9578.049805
16-06-2017,3123.166016,12752.73047,7463.5,19943.25977,11772.01953,9588.049805
19-06-2017,3144.374023,12888.9502,7523.799805,20067.75,11833.33984,9657.549805
20-06-2017,3140.013916,12814.79004,7472.700195,20230.41016,11738.9502,9653.5
21-06-2017,3156.211914,12774.25977,7447.799805,20138.78906,11696.28027,9633.599609
22-06-2017,3147.452881,12794,7439.299805,20110.50977,11712.51953,9630
23-06-2017,3157.873047,12733.41016,7424.100098,20132.66992,11733.2002,9574.950195
27-06-2017,3191.197021,12671.01953,7434.399902,20225.08984,11716.91992,9511.400391
28-06-2017,3173.200928,12647.26953,7387.799805,20130.41016,11812.79981,9491.25
29-06-2017,3188.062988,12416.19043,7350.299805,20220.30078,11739.98047,9504.099609
30-06-2017,3192.427002,12325.12012,7312.700195,20033.42969,11761.7002,9520.900391
03-07-2017,3195.912109,12475.30957,7377.100098,20055.80078,11835.71973,9615
05-07-2017,3207.134033,12453.67969,7367.600098,20081.63086,11809.49023,9637.599609
06-07-2017,3212.444092,12381.25,7337.299805,19994.06055,11702.42969,9674.549805
07-07-2017,3217.957031,12388.67969,7350.899902,19929.08984,11752.98047,9665.799805
10-07-2017,3212.63208,12445.91992,7370,20080.98047,11751.79004,9771.049805
11-07-2017,3203.038086,12437.01953,7329.799805,20195.48047,11744.76953,9786.049805
12-07-2017,3197.543945,12626.58008,7416.899902,20098.38086,11825.90039,9816.099609
13-07-2017,3218.163086,12641.33008,7413.399902,20099.81055,11844.62012,9891.700195
14-07-2017,3222.416992,12631.71973,7378.399902,20118.85938,11897.30957,9886.349609
18-07-2017,3187.566895,12430.38965,7390.200195,19999.91016,11877.41992,9827.150391
19-07-2017,3230.976074,12452.04981,7430.899902,20020.85938,11941.33984,9899.599609
20-07-2017,3244.86499,12447.25,7487.899902,20144.58984,11944.49023,9873.299805
21-07-2017,3237.981934,12240.05957,7452.899902,20099.75,11924.59961,9915.25
24-07-2017,3250.599121,12208.9502,7377.700195,19975.66992,11904.70996,9966.400391
25-07-2017,3243.688965,12264.30957,7434.799805,19955.19922,11965.71973,9964.549805
26-07-2017,3247.675049,12305.11035,7452.299805,20050.16016,11964.91016,10020.65039
27-07-2017,3249.781006,12212.04004,7443,20079.64063,11963.23047,10020.54981
28-07-2017,3253.23999,12162.7002,7368.399902,19959.83984,11954.69043,10014.5
31-07-2017,3273.028076,12118.25,7372,19925.17969,11967.66992,10077.09961
01-08-2017,3292.637939,12251.29004,7423.700195,19985.78906,12000.01953,10114.65039
02-08-2017,3285.056885,12181.48047,7411.399902,20080.03906,11979.37012,10081.5
03-08-2017,3272.928955,12154.71973,7474.799805,20029.25977,11956.51953,10013.65039
04-08-2017,3262.081055,12297.71973,7511.700195,19952.33008,11984.88965,10066.40039
07-08-2017,3279.457031,12257.16992,7531.899902,20055.89063,11987.76953,10057.40039
08-08-2017,3281.873047,12292.04981,7542.700195,19996.00977,11949.96973,9978.549805
09-08-2017,3275.572998,12154,7498.100098,19738.71094,11929.45996,9908.049805
10-08-2017,3261.749023,12014.29981,7389.899902,19729.74023,11771.59961,9820.25
14-08-2017,3237.360107,12165.12012,7353.899902,19537.09961,11856.05957,9794.150391
16-08-2017,3246.450928,12263.86035,7433,19729.2793,11868.86035,9897.299805
17-08-2017,3268.429932,12203.45996,7387.899902,19702.63086,11712.71973,9904.150391
18-08-2017,3268.724121,12165.19043,7324,19470.41016,11699.83008,9837.400391
21-08-2017,3286.906006,12065.99023,7318.899902,19393.13086,11719.26953,9754.349609
22-08-2017,3290.226074,12229.33984,7381.700195,19383.83984,11805.29004,9765.549805
23-08-2017,3287.705078,12174.29981,7382.700195,19434.64063,11785.91992,9852.5
24-08-2017,3271.511963,12180.83008,7407.100098,19353.76953,11773.79981,9857.049805
29-08-2017,3365.226074,11945.87988,7337.399902,19362.55078,11791.87988,9796.049805
30-08-2017,3363.626953,12002.46973,7365.299805,19506.53906,11805.07031,9884.400391
31-08-2017,3360.810059,12055.83984,7430.600098,19646.24023,11875.69043,9917.900391
01-09-2017,3367.118896,12142.63965,7438.5,19691.4707,11918.08008,9974.400391
05-09-2017,3384.316895,12123.70996,7372.899902,19385.81055,11827.15039,9952.200195
06-09-2017,3385.388916,12214.54004,7354.100098,19357.9707,11872.91992,9916.200195
07-09-2017,3365.49707,12296.62988,7397,19396.51953,11879.61035,9929.900391
08-09-2017,3365.24292,12303.98047,7377.600098,19274.82031,11887.98047,9934.799805
11-09-2017,3376.418945,12475.24023,7413.600098,19545.76953,12010.37012,10006.04981
12-09-2017,3379.488037,12524.76953,7400.700195,19776.61914,12057.12012,10093.04981
13-09-2017,3384.146973,12553.57031,7379.700195,19865.82031,12055.17969,10079.29981
14-09-2017,3371.426025,12540.4502,7295.399902,19807.43945,12062.62012,10086.59961
15-09-2017,3353.618896,12518.80957,7215.5,19909.5,12080.13965,10085.40039
19-09-2017,3356.844971,12561.79004,7275.299805,20299.38086,12131.73047,10147.54981
20-09-2017,3365.996094,12569.16992,7272,20310.46094,12147.5,10141.15039
21-09-2017,3357.812012,12600.03027,7263.899902,20347.48047,12133.62988,10121.90039
22-09-2017,3352.529053,12592.34961,7310.600098,20296.44922,12151.79981,9964.400391
25-09-2017,3341.549072,12594.80957,7301.299805,20397.58008,12141.55957,9872.599609
26-09-2017,3343.583008,12605.2002,7285.700195,20330.18945,12127.91992,9871.5
27-09-2017,3345.271973,12657.41016,7313.5,20267.05078,12157.65039,9735.75
28-09-2017,3339.64209,12704.65039,7322.799805,20363.10938,12179.30957,9768.950195
29-09-2017,3348.943115,12828.86035,7372.799805,20356.2793,12209.16016,9788.599609
10-10-2017,3382.988037,12949.25,7538.299805,20823.50977,12346.58984,10016.9502
11-10-2017,3388.283936,12970.67969,7533.799805,20881.26953,12362.05957,9984.799805
12-10-2017,3386.100098,12982.88965,7556.200195,20954.7207,12338.74023,10096.40039
13-10-2017,3390.522949,12991.87012,7535.399902,21155.17969,12352,10167.4502
16-10-2017,3378.469971,13003.7002,7527,21255.56055,12359.51953,10230.84961
17-10-2017,3372.041016,12995.05957,7516.200195,21336.11914,12349.96973,10234.4502
18-10-2017,3381.793945,13043.03027,7542.899902,21363.05078,12371.01953,10210.84961
19-10-2017,3370.172119,12990.09961,7523,21448.51953,12380.32031,10146.54981
23-10-2017,3380.698975,13003.13965,7524.5,21696.65039,12384.41992,10184.84961
24-10-2017,3388.248047,13013.19043,7526.5,21805.16992,12404.99023,10207.7002
25-10-2017,3396.897949,12953.41016,7447.200195,21707.61914,12336.58008,10295.34961
26-10-2017,3407.566895,13133.28027,7486.5,21739.7793,12352.42969,10343.79981
27-10-2017,3416.812012,13217.54004,7505,22008.44922,12366.42969,10323.04981
30-10-2017,3390.336914,13229.57031,7487.799805,22011.66992,12319.46973,10363.65039
31-10-2017,3393.342041,,7493.100098,22011.60938,12341.00977,10335.29981
01-11-2017,3395.913086,13465.50977,7488,22420.08008,12362.87988,10440.5
02-11-2017,3383.310059,13440.92969,7555.299805,22539.11914,12372.95996,10423.79981
06-11-2017,3388.174072,13468.79004,7562.299805,22548.34961,12400.92969,10451.79981
07-11-2017,3413.574951,13379.26953,7513.100098,22937.59961,12371.25,10350.15039
08-11-2017,3415.459961,13382.41992,7529.700195,22913.82031,12384.71973,10303.15039
09-11-2017,3427.794922,13182.55957,7484.100098,22868.71094,12339.66016,10308.9502
10-11-2017,3432.673096,13127.46973,7433,22681.41992,12322.59961,10321.75
13-11-2017,3447.835938,13074.41992,7415.200195,22380.99023,12316.82031,10224.9502
14-11-2017,3429.548096,13033.48047,7414.399902,22380.00977,12280.11035,10186.59961
15-11-2017,3402.524902,12976.37012,7372.600098,22028.32031,12220.33984,10118.04981
16-11-2017,3399.25,13047.21973,7386.899902,22351.11914,12303.28027,10214.75
17-11-2017,3382.907959,12993.73047,7380.700195,22396.80078,12302.88965,10283.59961
20-11-2017,3392.398926,13058.66016,7389.5,22261.75977,12320.76953,10298.75
21-11-2017,3410.498047,13167.54004,7411.299805,22416.48047,12385.88965,10326.90039
22-11-2017,3430.464111,13015.04004,7419,22523.15039,12390.82031,10342.29981
24-11-2017,3353.821045,13059.83984,7409.600098,22550.84961,12421.92969,10389.7002
27-11-2017,3322.22998,13000.2002,7383.899902,22495.99023,12390.78027,10399.54981
28-11-2017,3333.656982,13059.53027,7460.700195,22486.24023,12520.23047,10370.25
29-11-2017,3337.862061,13061.87012,7393.600098,22597.19922,12561.32031,10361.29981
30-11-2017,3317.187988,13023.98047,7326.700195,22724.96094,12627.79981,10226.54981
01-12-2017,3317.616943,12861.49023,7300.5,22819.0293,12614.55957,10121.79981
04-12-2017,3309.61792,13058.54981,7339,22707.16016,12634.88965,10127.75
05-12-2017,3303.675049,13048.54004,7327.5,22622.38086,12567.16016,10118.25
06-12-2017,3293.965088,12998.84961,7348,22177.03906,12532.42969,10044.09961
07-12-2017,3272.053955,13045.15039,7320.799805,22498.0293,12568.98047,10166.7002
08-12-2017,3289.991943,13153.7002,7394,22811.08008,12643.05957,10265.65039
11-12-2017,3322.196045,13123.65039,7453.5,22938.73047,12668.21973,10322.25
12-12-2017,3280.813965,13183.53027,7500.399902,22866.16992,12697.78027,10240.15039
13-12-2017,3303.037109,13125.63965,7496.5,22758.07031,12699.48047,10192.9502
14-12-2017,3292.438965,13068.08008,7448.100098,22694.44922,12629.07031,10252.09961
15-12-2017,3266.136963,13103.55957,7490.600098,22553.2207,12699.67969,10333.25
18-12-2017,3267.922119,13312.29981,7537,22901.76953,12785.82031,10388.75
19-12-2017,3296.538086,13215.79004,7544.100098,22868,12747.54004,10463.2002
20-12-2017,3287.605957,13069.16992,7525.200195,22891.7207,12747.54981,10444.2002
21-12-2017,3300.059082,13109.74023,7604,22866.09961,12800.20996,10440.29981
22-12-2017,3297.062988,13072.79004,7592.700195,22902.75977,12797.44043,10493
27-12-2017,3275.782959,13070.01953,7620.700195,22911.21094,12821.99023,10490.75
28-12-2017,3296.38501,12979.94043,7622.899902,22783.98047,12853.08984,10477.90039
29-12-2017,3307.172119,12917.63965,7687.799805,22764.93945,12808.83984,10530.7002
04-01-2018,3385.709961,13167.88965,7695.899902,23506.33008,13028.45996,10504.79981
05-01-2018,3391.75,13319.63965,7724.200195,23714.5293,13103.23047,10558.84961
09-01-2018,3413.899902,13385.58984,7731,23849.99023,13120.83984,10637
10-01-2018,3421.833984,13281.33984,7748.5,23788.19922,13106.59961,10632.2002
11-01-2018,3425.344971,13202.90039,7762.899902,23710.42969,13210.76953,10651.2002
12-01-2018,3428.940918,13245.03027,7778.600098,23653.82031,13294.32031,10681.25
16-01-2018,3436.593994,13246.33008,7755.899902,23951.81055,13246.86035,10700.4502
17-01-2018,3444.670898,13183.95996,7725.399902,23868.33984,13352.38965,10788.54981
18-01-2018,3474.753906,13281.42969,7701,23763.36914,13315.91016,10817
19-01-2018,3487.864014,13434.4502,7730.799805,23808.06055,13384.45996,10894.7002
22-01-2018,3501.362061,13463.69043,7715.399902,23816.33008,13470.37012,10966.2002
23-01-2018,3546.504883,13559.59961,7731.799805,24124.15039,13474.11035,11083.7002
24-01-2018,3559.465088,13414.74023,7643.399902,23940.7793,13507.66016,11086
25-01-2018,3548.306885,13298.36035,7615.799805,23669.49023,13512.66016,11069.65039
29-01-2018,3523.000977,13324.48047,7671.5,23629.33984,13524.65039,11130.40039
30-01-2018,3488.009033,13197.70996,7588,23291.9707,13375.50977,11049.65039
31-01-2018,3480.833008,13189.48047,7533.600098,23098.28906,13367.95996,11027.7002
01-02-2018,3446.97998,13003.90039,7490.399902,23486.10938,13381.96973,11016.90039
02-02-2018,3462.081055,12785.16016,7443.399902,23274.5293,13085.34961,10760.59961
05-02-2018,3487.49707,12687.49023,7335,22682.08008,12572.92969,10666.54981
06-02-2018,3370.6521,12392.66016,7141.399902,21610.24023,12745.4502,10498.25
07-02-2018,3309.26001,12590.42969,7279.399902,21645.36914,12687.17969,10476.7002
08-02-2018,3262.050049,12260.29004,7170.700195,21890.85938,12270.65039,10576.84961
09-02-2018,3129.851074,12107.48047,7092.399902,21382.61914,12405.82031,10454.9502
14-02-2018,3199.158936,12339.16016,7214,21154.16992,12746.71973,10500.90039
22-02-2018,3268.559082,12461.91016,7252.399902,21736.43945,12711.75,10382.7002
23-02-2018,3289.023926,12483.79004,7244.399902,21892.7793,12884.11035,10491.04981
26-02-2018,3329.573975,12527.04004,7289.600098,22153.63086,12999.62012,10582.59961
27-02-2018,3292.068115,12490.73047,7282.5,22389.85938,12819.21973,10554.29981
28-02-2018,3259.407959,12435.84961,7231.899902,22068.24023,12652.54981,10492.84961
01-03-2018,3273.754883,12190.94043,7175.600098,21724.4707,12518.73047,10458.34961
05-03-2018,3256.926025,12090.87012,7116,21042.08984,12680.73047,10358.84961
06-03-2018,3289.64209,12113.87012,7146.799805,21417.75977,12720.76953,10249.25
07-03-2018,3271.667969,12245.36035,7157.799805,21252.7207,12707.00977,10154.2002
08-03-2018,3288.406006,12355.57031,7203.200195,21368.07031,12745.00977,10242.65039
09-03-2018,3307.166016,12346.67969,7224.5,21469.19922,12918.82031,10226.84961
12-03-2018,3326.698975,12418.38965,7214.799805,21824.0293,12898.40039,10421.40039
13-03-2018,3310.239014,12221.03027,7138.799805,21968.09961,12831.75,10426.84961
14-03-2018,3291.38208,12237.74023,7132.700195,21777.28906,12762.66992,10410.90039
15-03-2018,3291.112061,12345.55957,7139.799805,21803.94922,12743.61035,10360.15039
16-03-2018,3269.88208,12389.58008,7164.100098,21676.50977,12784.38965,10195.15039
19-03-2018,3279.251953,12217.01953,7042.899902,21480.90039,12651.45996,10094.25
20-03-2018,3290.639893,12307.33008,7061.299805,21380.9707,12663.63965,10124.34961
22-03-2018,3263.47998,12100.08008,6952.600098,21591.99023,12377.38965,10114.75
23-03-2018,3152.760986,11886.30957,6921.899902,20617.85938,12177.7002,9998.049805
26-03-2018,3133.721924,11787.25977,6888.700195,20766.09961,12433.15039,10130.65039
27-03-2018,3166.648926,11970.83008,7000.100098,21317.32031,12302.54004,10184.15039
28-03-2018,3122.290039,11940.70996,7044.700195,21031.31055,12308.90039,10113.7002
03-04-2018,3136.633057,12002.4502,7030.5,21292.28906,12367.07031,10245
04-04-2018,3131.111084,11957.90039,7034,21319.55078,12466.4502,10128.40039
09-04-2018,3138.293945,12261.75,7194.799805,21678.25977,12380.54981,10379.34961
10-04-2018,3190.322021,12397.32031,7266.799805,21794.32031,12565.96973,10402.25
11-04-2018,3208.082031,12293.96973,7257.100098,21687.09961,12514.58984,10417.15039
12-04-2018,3180.157959,12415.00977,7258.299805,21660.2793,12580.21973,10458.65039
13-04-2018,3159.052002,12442.40039,7264.600098,21778.74023,12546.04981,10480.59961
16-04-2018,3110.648926,12391.41016,7198.200195,21835.5293,12628.20996,10528.34961
17-04-2018,3066.797119,12585.57031,7226.100098,21847.58984,12705.75977,10548.7002
18-04-2018,3091.398926,12590.83008,7317.299805,22158.19922,12732.84961,10526.2002
19-04-2018,3117.375977,12567.41992,7328.899902,22191.17969,12671.48047,10565.29981
20-04-2018,3071.542969,12540.5,7368.200195,22162.24023,12607.16016,10564.04981
23-04-2018,3068.011963,12572.38965,7398.899902,22088.03906,12610.76953,10584.7002
24-04-2018,3128.927002,12550.82031,7425.399902,22278.11914,12514,10614.34961
25-04-2018,3117.974121,12422.29981,7379.299805,22215.32031,12517.86035,10570.54981
26-04-2018,3075.030029,12500.46973,7421.399902,22319.60938,12582.90039,10617.79981
27-04-2018,3082.231934,12580.87012,7502.200195,22467.86914,12594.01953,10692.29981
02-05-2018,3081.177002,12802.25,7543.200195,22472.7793,12418.05957,10718.04981
08-05-2018,3161.498047,12912.20996,7565.799805,22508.68945,12520.24023,10717.79981
09-05-2018,3159.149902,12943.05957,7662.5,22408.88086,12632.49023,10741.7002
10-05-2018,3174.413086,13022.87012,7701,22497.17969,12731.63965,10716.54981
11-05-2018,3163.262939,13001.24023,7724.600098,22758.48047,12761.82031,10806.5
14-05-2018,3174.031982,12977.70996,7711,22865.85938,12772.03027,10806.59961
15-05-2018,3192.11792,12970.04004,7723,22818.01953,12704.62988,10801.84961
16-05-2018,3169.564941,12996.33008,7734.200195,22717.23047,12743.79981,10741.09961
17-05-2018,3154.282959,13114.61035,7788,22838.36914,12747.83008,10682.7002
18-05-2018,3193.302979,13077.71973,7778.799805,22930.35938,12717.41992,10596.40039
21-05-2018,3213.840088,,7859.200195,23002.36914,12804.00977,10516.7002
22-05-2018,3214.350098,13169.91992,7877.5,22960.33984,12766.65039,10536.7002
23-05-2018,3168.964111,12976.83984,7788.399902,22689.74023,12743.40039,10430.34961
24-05-2018,3154.650879,12855.08984,7716.700195,22437.00977,12696.69043,10513.84961
25-05-2018,3141.302979,12938.00977,7730.299805,22450.78906,12634.94043,10605.15039
29-05-2018,3120.460938,12666.50977,7632.600098,22358.42969,12442.69043,10633.29981
30-05-2018,3041.443115,12783.75977,7689.600098,22018.51953,12625.87012,10614.34961
31-05-2018,3095.474121,12604.88965,7678.200195,22201.82031,12527.13965,10736.15039
01-06-2018,3075.136963,12724.26953,7701.799805,22171.34961,12620.83008,10696.2002
04-06-2018,3091.190918,12770.75,7741.299805,22475.93945,12673.91016,10628.5
05-06-2018,3114.206055,12787.12988,7686.799805,22539.53906,12658.7002,10593.15039
06-06-2018,3115.179932,12830.07031,7712.399902,22625.73047,12778.23047,10684.65039
07-06-2018,3109.499023,12811.04981,7704.399902,22823.25977,12788.5,10768.34961
08-06-2018,3067.147949,12766.54981,7681.100098,22694.5,12832.07031,10767.65039
11-06-2018,3052.782959,12842.91016,7737.399902,22804.03906,12856.95996,10786.9502
12-06-2018,3079.802002,12842.29981,7703.799805,22878.34961,12844.70996,10842.84961
13-06-2018,3049.797119,12890.58008,7703.700195,22966.38086,12785.4502,10856.7002
14-06-2018,3044.159912,13107.09961,7765.799805,22738.60938,12771.9502,10808.04981
15-06-2018,3021.900879,13010.54981,7633.899902,22851.75,12734.63965,10817.7002
19-06-2018,2907.822021,12677.96973,7603.899902,22278.48047,12638.98047,10710.4502
20-06-2018,2915.730957,12695.16016,7627.399902,22555.42969,12648.74023,10772.04981
21-06-2018,2875.810059,12511.91016,7556.399902,22693.03906,12560.23047,10741.09961
22-06-2018,2889.76001,12579.71973,7682.299805,22516.83008,12639.57031,10821.84961
25-06-2018,2859.335938,12270.33008,7509.799805,22338.15039,12481.59961,10762.4502
26-06-2018,2844.508057,12234.33984,7537.899902,22342,12510.54981,10769.15039
27-06-2018,2813.177979,12348.61035,7621.700195,22271.76953,12412.07031,10671.40039
28-06-2018,2786.896973,12177.23047,7615.600098,22270.39063,12475.98047,10589.09961
29-06-2018,2847.417969,12306,7636.899902,22304.50977,12504.25,10714.29981
02-07-2018,2775.556885,12238.16992,7547.899902,21811.92969,12485.58008,10657.29981
03-07-2018,2786.887939,12349.13965,7593.299805,21785.53906,12494.7002,10699.90039
05-07-2018,2733.88208,12464.29004,7603.200195,21546.99023,12585.20996,10749.75
06-07-2018,2747.229004,12496.16992,7617.700195,21788.14063,12664.87988,10772.65039
09-07-2018,2815.110107,12543.88965,7688,22052.17969,12776.91992,10852.90039
10-07-2018,2827.625,12609.84961,7692,22196.89063,12814.63965,10947.25
11-07-2018,2777.770996,12417.12988,7592,21932.21094,12681.58984,10948.29981
12-07-2018,2837.658936,12492.96973,7651.299805,22187.96094,12761.45996,11023.2002
13-07-2018,2831.184082,12540.73047,7661.899902,22597.34961,12769.5,11018.90039
16-07-2018,2814.041992,12561.01953,7600.5,22597.34961,12748.78027,10936.84961
17-07-2018,2798.125977,12661.54004,7626.299805,22697.35938,12779.21973,11008.04981
18-07-2018,2787.25708,12765.94043,7676.299805,22794.18945,12823.23047,10980.4502
19-07-2018,2772.544922,12686.29004,7684,22764.67969,12786.48047,10957.09961
20-07-2018,2829.270996,12561.41992,7678.799805,22697.88086,12789.91016,11010.2002
23-07-2018,2859.541992,12548.57031,7655.799805,22396.99023,12794.04981,11084.75
24-07-2018,2905.562012,12689.38965,7709.100098,22510.48047,12847.49023,11134.29981
25-07-2018,2903.646973,12579.33008,7658.299805,22614.25,12933.62988,11132
26-07-2018,2882.225098,12809.23047,7663.200195,22586.86914,12953.38965,11167.29981
27-07-2018,2873.593994,12860.40039,7701.299805,22712.75,12921.33984,11278.34961
30-07-2018,2869.050049,12798.2002,7700.899902,22544.83984,12903.42969,11319.54981
31-07-2018,2876.400879,12805.5,7748.799805,22553.7207,12963.28027,11356.5
01-08-2018,2824.533936,12737.04981,7652.899902,22746.69922,12902.38965,11346.2002
02-08-2018,2768.023926,12546.33008,7575.899902,22512.5293,12898.07031,11244.7002
03-08-2018,2740.443115,12615.75977,7659.100098,22525.17969,12953.33984,11360.79981
06-08-2018,2705.156982,12598.20996,7663.799805,22507.32031,12964.26953,11387.09961
07-08-2018,2779.374023,12648.19043,7718.5,22662.74023,12999.58984,11389.4502
08-08-2018,2744.070068,12633.54004,7776.700195,22644.31055,12987.91016,11450
09-08-2018,2794.38208,12676.11035,7741.799805,22598.39063,12956.66016,11470.7002
10-08-2018,2795.310059,12424.34961,7667,22298.08008,12843.49023,11429.5
13-08-2018,2785.87207,12358.74023,7642.5,21857.42969,12763.66016,11355.75
14-08-2018,2780.965088,12358.87012,7611.600098,22356.08008,12835.30957,11435.09961
16-08-2018,2705.191895,12237.16992,7556.399902,22192.03906,12841.28027,11385.04981
17-08-2018,2668.966064,12210.54981,7558.600098,22270.38086,12908.25977,11470.75
20-08-2018,2698.466064,12331.29981,7591.299805,22199,12965.09961,11551.75
21-08-2018,2733.825928,12384.49023,7565.700195,22219.73047,12996.75977,11570.90039
23-08-2018,2724.624023,12365.58008,7563.200195,22410.82031,12933.45996,11582.75
24-08-2018,2729.430908,12394.51953,7577.5,22601.76953,12999.44043,11557.09961
28-08-2018,2777.980957,12527.41992,7617.200195,22813.4707,13084.79981,11738.5
29-08-2018,2769.294922,12561.67969,7563.200195,22848.2207,13132.16016,11691.90039
30-08-2018,2737.737061,12494.24023,7516,22869.5,13039.92969,11676.79981
31-08-2018,2725.25,12364.05957,7432.399902,22865.15039,13016.88965,11680.5
04-09-2018,2750.580078,12210.20996,7457.899902,22696.90039,12969.86035,11520.29981
05-09-2018,2704.336914,12040.45996,7383.299805,22580.83008,12968.54981,11476.9502
06-09-2018,2691.593018,11955.25,7319,22487.93945,12938.91016,11536.90039
07-09-2018,2702.301025,11959.62988,7277.700195,22307.06055,12911.12012,11589.09961
10-09-2018,2669.485107,11986.33984,7279.299805,22373.08984,12928.66992,11438.09961
11-09-2018,2664.800049,11970.26953,7273.5,22664.68945,12952.29981,11287.5
12-09-2018,2656.110107,12032.29981,7313.399902,22604.60938,12990.09961,11369.90039
14-09-2018,2681.643066,12124.33008,7304,23094.66992,13050.51953,11515.2002
18-09-2018,2699.949951,12157.66992,7300.200195,23420.53906,13091.98047,11278.90039
19-09-2018,2730.850098,12219.01953,7331.100098,23672.51953,13121.96973,11234.34961
21-09-2018,2797.485107,12430.87988,7490.200195,23869.92969,13236.44043,11143.09961
25-09-2018,2781.138916,12374.66016,7507.600098,23940.25977,13160.59961,11067.4502
26-09-2018,2806.812988,12385.88965,7511.5,24033.78906,13101.95996,11053.79981
27-09-2018,2791.774902,12435.58984,7545.399902,23796.74023,13105.71973,10977.54981
28-09-2018,2821.350098,12246.73047,7510.200195,24120.03906,13082.51953,10930.4502
09-10-2018,2721.012939,11977.21973,7237.600098,23469.39063,12960.4502,10301.04981
10-10-2018,2725.836914,11712.5,7145.700195,23506.03906,12622.12988,10460.09961
11-10-2018,2583.458008,11539.34961,7006.899902,22590.85938,12349.53027,10234.65039
12-10-2018,2606.913086,11523.80957,6995.899902,22694.66016,12439.41992,10472.5
15-10-2018,2568.0979,11614.16016,7029.200195,22271.30078,12425.67969,10512.5
16-10-2018,2546.330078,11776.54981,7059.399902,22549.24023,12645.9502,10584.75
17-10-2018,2561.614014,11715.03027,7054.600098,22841.11914,12613.04981,10453.04981
19-10-2018,2550.465088,11553.83008,7049.799805,22532.08008,12457.26953,10303.54981
22-10-2018,2654.875977,11524.33984,7042.799805,22614.82031,12374.75977,10245.25
23-10-2018,2594.825928,11274.28027,6955.200195,22010.7793,12287.44043,10146.79981
24-10-2018,2603.294922,11191.62988,6963,22091.17969,11969.74023,10224.75
25-10-2018,2603.800049,11307.12012,7004.100098,21268.73047,12118.84961,10124.90039
26-10-2018,2598.846924,11200.62012,6939.600098,21184.59961,11976.9502,10030
29-10-2018,2542.103027,11335.48047,7026.299805,21149.80078,11942.50977,10250.84961
30-10-2018,2568.048096,11287.38965,7035.899902,21457.28906,12129.94043,10198.40039
31-10-2018,2602.782959,11447.50977,7128.100098,21920.46094,12208.05957,10386.59961
01-11-2018,2606.237061,11468.54004,7114.700195,21687.65039,12356.5,10380.4502
02-11-2018,2676.476074,11518.99023,7094.100098,22243.66016,12321.79981,10553
05-11-2018,2665.430908,11494.95996,7103.799805,21898.99023,12424.30957,10524
06-11-2018,2659.355957,11484.33984,7040.700195,22147.75,12480.05957,10530
07-11-2018,2641.342041,11579.09961,7117.299805,22085.80078,12679.09961,10598.40039
09-11-2018,2598.87207,11529.16016,7105.299805,22250.25,12537.53027,10585.2002
12-11-2018,2630.52002,11325.44043,7053.100098,22269.88086,12343.50977,10482.2002
13-11-2018,2654.879883,11472.21973,7053.799805,21810.51953,12328.29981,10582.5
14-11-2018,2632.24292,11412.53027,7033.799805,21846.48047,12275.49023,10576.29981
15-11-2018,2668.169922,11353.66992,7038,21803.61914,12361.51953,10616.7002
16-11-2018,2679.110107,11341,7013.899902,21680.33984,12400.28027,10682.2002
19-11-2018,2703.511963,11244.54004,7000.899902,21821.16016,12280.91016,10763.40039
20-11-2018,2645.85498,11066.41016,6947.899902,21583.11914,12048.66016,10656.2002
21-11-2018,2651.504883,11244.16992,7050.200195,21507.53906,12123.33984,10600.04981
26-11-2018,2575.810059,11354.71973,7036,21812,12181.59961,10628.59961
27-11-2018,2574.678955,11309.11035,7016.899902,21952.40039,12188.07031,10685.59961
28-11-2018,2601.737061,11298.87988,7004.5,22177.01953,12417.62988,10728.84961
29-11-2018,2567.443115,11298.23047,7039,22262.59961,12389.37012,10858.7002
30-11-2018,2588.187988,11257.24023,6980.200195,22351.06055,12457.54981,10876.75
03-12-2018,2654.798096,11465.45996,7062.399902,22574.75977,12577.54004,10883.75
04-12-2018,2665.958008,11335.32031,7022.799805,22036.05078,12221.98047,10869.5
06-12-2018,2605.180908,10810.98047,6704.100098,21501.61914,12144.41016,10601.15039
07-12-2018,2605.887939,10788.08984,6778.100098,21678.67969,11941.92969,10693.7002
10-12-2018,2584.582031,10622.07031,6721.5,21219.5,11889.29004,10488.4502
11-12-2018,2594.087891,10780.50977,6806.899902,21148.01953,11860.65039,10549.15039
12-12-2018,2602.153076,10929.42969,6880.200195,21602.75,11943.29004,10737.59961
13-12-2018,2634.049072,10924.7002,6877.5,21816.18945,11936.16016,10791.54981
14-12-2018,2593.740967,10865.76953,6845.200195,21374.83008,11755.37988,10805.4502
17-12-2018,2597.974121,10772.2002,6773.200195,21506.88086,11532.12012,10888.34961
18-12-2018,2576.649902,10740.88965,6701.600098,21115.44922,11502.16016,10908.7002
19-12-2018,2549.562988,10766.20996,6765.899902,20987.91992,11371.83984,10967.29981
20-12-2018,2536.268066,10611.09961,6711.899902,20392.58008,11222.79004,10951.7002
21-12-2018,2516.250977,10633.82031,6721.200195,20166.18945,11036.83984,10754
27-12-2018,2483.085938,10381.50977,6584.700195,20077.61914,11285.30957,10779.79981
28-12-2018,2493.895996,10558.95996,6734,20014.76953,11290.9502,10859.90039
